{
  "version": "6.0",
  "nxVersion": "21.1.2",
  "pathMappings": {
    "@demo/ui": [
      "libs/ui/src/index.ts"
    ]
  },
  "nxJsonPlugins": [
    {
      "name": "@nx/js/typescript",
      "options": {
        "typecheck": {
          "targetName": "typecheck"
        },
        "build": {
          "targetName": "build",
          "configName": "tsconfig.lib.json",
          "buildDepsName": "build-deps",
          "watchDepsName": "watch-deps"
        }
      }
    },
    {
      "name": "@nx/react/router-plugin",
      "options": {
        "buildTargetName": "build",
        "devTargetName": "dev",
        "startTargetName": "start",
        "watchDepsTargetName": "watch-deps",
        "buildDepsTargetName": "build-deps",
        "typecheckTargetName": "typecheck"
      }
    },
    {
      "name": "@nx/eslint/plugin",
      "options": {
        "targetName": "lint"
      }
    },
    {
      "name": "@nx/vite/plugin",
      "options": {
        "buildTargetName": "build",
        "testTargetName": "test",
        "serveTargetName": "serve",
        "devTargetName": "dev",
        "previewTargetName": "preview",
        "serveStaticTargetName": "serve-static",
        "typecheckTargetName": "typecheck",
        "buildDepsTargetName": "build-deps",
        "watchDepsTargetName": "watch-deps"
      }
    },
    {
      "name": "@nx/cypress/plugin",
      "options": {
        "targetName": "e2e",
        "openTargetName": "open-cypress",
        "componentTestingTargetName": "component-test",
        "ciTargetName": "e2e-ci"
      }
    },
    {
      "name": "@nx/jest/plugin",
      "options": {
        "targetName": "test"
      }
    }
  ],
  "fileMap": {
    "nonProjectFiles": [
      {
        "file": ".editorconfig",
        "hash": "5443105041930014821"
      },
      {
        "file": ".gitignore",
        "hash": "15850289331823800167"
      },
      {
        "file": ".gitlab-ci.yml",
        "hash": "5325050514478268194"
      },
      {
        "file": ".prettierignore",
        "hash": "14688272390704683536"
      },
      {
        "file": ".prettierrc",
        "hash": "16267754514737964994"
      },
      {
        "file": ".vscode/extensions.json",
        "hash": "4637156562308165301"
      },
      {
        "file": "README.md",
        "hash": "4016907937694931388"
      },
      {
        "file": "eslint.config.mjs",
        "hash": "14755833654515998580"
      },
      {
        "file": "jest.config.ts",
        "hash": "6870352021923392442"
      },
      {
        "file": "jest.preset.js",
        "hash": "9430166341120122740"
      },
      {
        "file": "nx.json",
        "hash": "8805914412993142127"
      },
      {
        "file": "package-lock.json",
        "hash": "8520059609628938920"
      },
      {
        "file": "package.json",
        "hash": "14308619175588360801"
      },
      {
        "file": "tsconfig.base.json",
        "hash": "276818548211775995"
      },
      {
        "file": "tsconfig.json",
        "hash": "14128737440482943844"
      },
      {
        "file": "vitest.workspace.ts",
        "hash": "4665328684042819579"
      }
    ],
    "projectFileMap": {
      "@demo/shared-redux": [
        {
          "file": "libs/shared/redux/.spec.swcrc",
          "hash": "18201067170784284381"
        },
        {
          "file": "libs/shared/redux/README.md",
          "hash": "13474852218193657763"
        },
        {
          "file": "libs/shared/redux/eslint.config.mjs",
          "hash": "3798283956004007600",
          "deps": [
            [
              "npm:jsonc-eslint-parser",
              "dynamic"
            ]
          ]
        },
        {
          "file": "libs/shared/redux/jest.config.ts",
          "hash": "12068299637524665987"
        },
        {
          "file": "libs/shared/redux/package.json",
          "hash": "13436422747103510338",
          "deps": [
            "npm:tslib"
          ]
        },
        {
          "file": "libs/shared/redux/src/index.ts",
          "hash": "14274909605919065087"
        },
        {
          "file": "libs/shared/redux/src/lib/redux.spec.ts",
          "hash": "1870649513909853102"
        },
        {
          "file": "libs/shared/redux/src/lib/redux.ts",
          "hash": "1475330221056918904"
        },
        {
          "file": "libs/shared/redux/tsconfig.json",
          "hash": "14186287857387999199"
        },
        {
          "file": "libs/shared/redux/tsconfig.lib.json",
          "hash": "10493176744967041732"
        },
        {
          "file": "libs/shared/redux/tsconfig.spec.json",
          "hash": "14074004792562939544"
        }
      ],
      "@demo/ui": [
        {
          "file": "libs/ui/.babelrc",
          "hash": "2946678488919325452"
        },
        {
          "file": "libs/ui/README.md",
          "hash": "11016660419164513132"
        },
        {
          "file": "libs/ui/eslint.config.mjs",
          "hash": "8789163670399984295",
          "deps": [
            "npm:@nx/eslint-plugin"
          ]
        },
        {
          "file": "libs/ui/jest.config.ts",
          "hash": "3069081248227513171"
        },
        {
          "file": "libs/ui/package.json",
          "hash": "4797713154546363962"
        },
        {
          "file": "libs/ui/src/index.ts",
          "hash": "14172494705173645300"
        },
        {
          "file": "libs/ui/src/lib/Button.tsx",
          "hash": "7886175756141106626",
          "deps": [
            "npm:react"
          ]
        },
        {
          "file": "libs/ui/src/lib/ui.module.css",
          "hash": "125145030238681982"
        },
        {
          "file": "libs/ui/src/lib/ui.spec.tsx",
          "hash": "7298740781061202243",
          "deps": [
            "npm:@testing-library/react"
          ]
        },
        {
          "file": "libs/ui/src/lib/ui.tsx",
          "hash": "16860297995266507296"
        },
        {
          "file": "libs/ui/tsconfig.json",
          "hash": "1138660533399177677"
        },
        {
          "file": "libs/ui/tsconfig.lib.json",
          "hash": "16386477670230812433"
        },
        {
          "file": "libs/ui/tsconfig.spec.json",
          "hash": "14121492284973344213"
        },
        {
          "file": "libs/ui/vite.config.ts",
          "hash": "7615574507618262327",
          "deps": [
            "npm:vite",
            "npm:@vitejs/plugin-react",
            "npm:vite-plugin-dts"
          ]
        }
      ],
      "@demo-repo/analytics": [
        {
          "file": "apps/analytics/eslint.config.mjs",
          "hash": "8789163670399984295",
          "deps": [
            "npm:@nx/eslint-plugin"
          ]
        },
        {
          "file": "apps/analytics/index.html",
          "hash": "14396328974681257989"
        },
        {
          "file": "apps/analytics/jest.config.ts",
          "hash": "9051909380097583939"
        },
        {
          "file": "apps/analytics/package.json",
          "hash": "4257824508281340511"
        },
        {
          "file": "apps/analytics/public/favicon.ico",
          "hash": "9303420814833116677"
        },
        {
          "file": "apps/analytics/src/app/app.module.css",
          "hash": "8887387885984320532"
        },
        {
          "file": "apps/analytics/src/app/app.spec.tsx",
          "hash": "8301556044280216452",
          "deps": [
            "npm:@testing-library/react",
            "npm:react-router-dom"
          ]
        },
        {
          "file": "apps/analytics/src/app/app.tsx",
          "hash": "3063289363995675447",
          "deps": [
            "npm:react-router-dom"
          ]
        },
        {
          "file": "apps/analytics/src/app/nx-welcome.tsx",
          "hash": "14708174282304233720"
        },
        {
          "file": "apps/analytics/src/assets/.gitkeep",
          "hash": "3244421341483603138"
        },
        {
          "file": "apps/analytics/src/main.tsx",
          "hash": "6494962159756833686",
          "deps": [
            "npm:react",
            "npm:react-router-dom",
            "npm:react-dom"
          ]
        },
        {
          "file": "apps/analytics/src/styles.css",
          "hash": "5195668842064076916"
        },
        {
          "file": "apps/analytics/tsconfig.app.json",
          "hash": "15731501688779651825"
        },
        {
          "file": "apps/analytics/tsconfig.json",
          "hash": "9240132813632071828"
        },
        {
          "file": "apps/analytics/tsconfig.spec.json",
          "hash": "12275602610692469805"
        },
        {
          "file": "apps/analytics/vite.config.ts",
          "hash": "1876506291326560116",
          "deps": [
            "npm:vite",
            "npm:@vitejs/plugin-react"
          ]
        }
      ],
      "@demo-repo/dashboard-e2e": [
        {
          "file": "apps/dashboard-e2e/cypress.config.ts",
          "hash": "7539947989145080056",
          "deps": [
            "npm:@nx/cypress",
            "npm:cypress"
          ]
        },
        {
          "file": "apps/dashboard-e2e/eslint.config.mjs",
          "hash": "7267301145493616340",
          "deps": [
            "npm:eslint-plugin-cypress"
          ]
        },
        {
          "file": "apps/dashboard-e2e/package.json",
          "hash": "10296583756292545437"
        },
        {
          "file": "apps/dashboard-e2e/src/e2e/app.cy.ts",
          "hash": "9695286672304805050"
        },
        {
          "file": "apps/dashboard-e2e/src/fixtures/example.json",
          "hash": "11785586596216172004"
        },
        {
          "file": "apps/dashboard-e2e/src/support/app.po.ts",
          "hash": "11157016311132186162"
        },
        {
          "file": "apps/dashboard-e2e/src/support/commands.ts",
          "hash": "6408592624158157338"
        },
        {
          "file": "apps/dashboard-e2e/src/support/e2e.ts",
          "hash": "1054106023200826784"
        },
        {
          "file": "apps/dashboard-e2e/tsconfig.json",
          "hash": "13460915489313561609"
        }
      ],
      "@demo-repo/auth-e2e": [
        {
          "file": "apps/auth-e2e/cypress.config.ts",
          "hash": "10684633543327875944",
          "deps": [
            "npm:@nx/cypress",
            "npm:cypress"
          ]
        },
        {
          "file": "apps/auth-e2e/eslint.config.mjs",
          "hash": "7267301145493616340",
          "deps": [
            "npm:eslint-plugin-cypress"
          ]
        },
        {
          "file": "apps/auth-e2e/package.json",
          "hash": "531337485302845383"
        },
        {
          "file": "apps/auth-e2e/src/e2e/app.cy.ts",
          "hash": "15585497449839677834"
        },
        {
          "file": "apps/auth-e2e/src/fixtures/example.json",
          "hash": "11785586596216172004"
        },
        {
          "file": "apps/auth-e2e/src/support/app.po.ts",
          "hash": "11157016311132186162"
        },
        {
          "file": "apps/auth-e2e/src/support/commands.ts",
          "hash": "6408592624158157338"
        },
        {
          "file": "apps/auth-e2e/src/support/e2e.ts",
          "hash": "1054106023200826784"
        },
        {
          "file": "apps/auth-e2e/tsconfig.json",
          "hash": "13460915489313561609"
        }
      ],
      "@demo-repo/analytics-e2e": [
        {
          "file": "apps/analytics-e2e/cypress.config.ts",
          "hash": "4955269034199522720",
          "deps": [
            "npm:@nx/cypress",
            "npm:cypress"
          ]
        },
        {
          "file": "apps/analytics-e2e/eslint.config.mjs",
          "hash": "7267301145493616340",
          "deps": [
            "npm:eslint-plugin-cypress"
          ]
        },
        {
          "file": "apps/analytics-e2e/package.json",
          "hash": "6342854969600882003"
        },
        {
          "file": "apps/analytics-e2e/src/e2e/app.cy.ts",
          "hash": "17499889873118804196"
        },
        {
          "file": "apps/analytics-e2e/src/fixtures/example.json",
          "hash": "11785586596216172004"
        },
        {
          "file": "apps/analytics-e2e/src/support/app.po.ts",
          "hash": "11157016311132186162"
        },
        {
          "file": "apps/analytics-e2e/src/support/commands.ts",
          "hash": "6408592624158157338"
        },
        {
          "file": "apps/analytics-e2e/src/support/e2e.ts",
          "hash": "1054106023200826784"
        },
        {
          "file": "apps/analytics-e2e/tsconfig.json",
          "hash": "13460915489313561609"
        }
      ],
      "@demo-repo/auth": [
        {
          "file": "apps/auth/eslint.config.mjs",
          "hash": "8789163670399984295",
          "deps": [
            "npm:@nx/eslint-plugin"
          ]
        },
        {
          "file": "apps/auth/index.html",
          "hash": "5999608851898612305"
        },
        {
          "file": "apps/auth/package.json",
          "hash": "2954036535259416175"
        },
        {
          "file": "apps/auth/public/favicon.ico",
          "hash": "9303420814833116677"
        },
        {
          "file": "apps/auth/src/app/app.module.css",
          "hash": "8887387885984320532"
        },
        {
          "file": "apps/auth/src/app/app.spec.tsx",
          "hash": "16985126707382931665",
          "deps": [
            "npm:@testing-library/react",
            "npm:react-router-dom"
          ]
        },
        {
          "file": "apps/auth/src/app/app.tsx",
          "hash": "9820151057964473600",
          "deps": [
            "@demo/ui"
          ]
        },
        {
          "file": "apps/auth/src/app/nx-welcome.tsx",
          "hash": "514352310429965462"
        },
        {
          "file": "apps/auth/src/assets/.gitkeep",
          "hash": "3244421341483603138"
        },
        {
          "file": "apps/auth/src/main.tsx",
          "hash": "6494962159756833686",
          "deps": [
            "npm:react",
            "npm:react-router-dom",
            "npm:react-dom"
          ]
        },
        {
          "file": "apps/auth/src/styles.css",
          "hash": "5195668842064076916"
        },
        {
          "file": "apps/auth/tsconfig.app.json",
          "hash": "8276284330145304235"
        },
        {
          "file": "apps/auth/tsconfig.json",
          "hash": "227850142594646440"
        },
        {
          "file": "apps/auth/tsconfig.spec.json",
          "hash": "16305818908628027731"
        },
        {
          "file": "apps/auth/vite.config.ts",
          "hash": "13644104715513874860",
          "deps": [
            "npm:vite",
            "npm:@vitejs/plugin-react"
          ]
        }
      ],
      "@demo-repo/dashboard": [
        {
          "file": "apps/dashboard/eslint.config.mjs",
          "hash": "8789163670399984295",
          "deps": [
            "npm:@nx/eslint-plugin"
          ]
        },
        {
          "file": "apps/dashboard/index.html",
          "hash": "8586766377946887913"
        },
        {
          "file": "apps/dashboard/jest.config.ts",
          "hash": "3561410239367784742"
        },
        {
          "file": "apps/dashboard/package.json",
          "hash": "13194363015553135287"
        },
        {
          "file": "apps/dashboard/public/favicon.ico",
          "hash": "9303420814833116677"
        },
        {
          "file": "apps/dashboard/src/app/app.module.css",
          "hash": "8887387885984320532"
        },
        {
          "file": "apps/dashboard/src/app/app.spec.tsx",
          "hash": "15096815127247835792",
          "deps": [
            "npm:@testing-library/react",
            "npm:react-router-dom"
          ]
        },
        {
          "file": "apps/dashboard/src/app/app.tsx",
          "hash": "9553261909384605345",
          "deps": [
            "npm:react-router-dom"
          ]
        },
        {
          "file": "apps/dashboard/src/app/nx-welcome.tsx",
          "hash": "14708174282304233720"
        },
        {
          "file": "apps/dashboard/src/assets/.gitkeep",
          "hash": "3244421341483603138"
        },
        {
          "file": "apps/dashboard/src/main.tsx",
          "hash": "6494962159756833686",
          "deps": [
            "npm:react",
            "npm:react-router-dom",
            "npm:react-dom"
          ]
        },
        {
          "file": "apps/dashboard/src/styles.css",
          "hash": "5195668842064076916"
        },
        {
          "file": "apps/dashboard/tsconfig.app.json",
          "hash": "15731501688779651825"
        },
        {
          "file": "apps/dashboard/tsconfig.json",
          "hash": "9240132813632071828"
        },
        {
          "file": "apps/dashboard/tsconfig.spec.json",
          "hash": "12275602610692469805"
        },
        {
          "file": "apps/dashboard/vite.config.ts",
          "hash": "611970308720896969",
          "deps": [
            "npm:vite",
            "npm:@vitejs/plugin-react"
          ]
        }
      ]
    }
  }
}