{
  "$schema": "./node_modules/nx/schemas/nx-schema.json",
  "namedInputs": {
    "default": ["{projectRoot}/**/*", "sharedGlobals"],
    "production": [
      "default",
      "!{projectRoot}/.eslintrc.json",
      "!{projectRoot}/eslint.config.mjs",
      "!{projectRoot}/**/?(*.)+(spec|test).[jt]s?(x)?(.snap)",
      "!{projectRoot}/tsconfig.spec.json",
      "!{projectRoot}/src/test-setup.[jt]s",
      "!{projectRoot}/cypress/**/*",
      "!{projectRoot}/**/*.cy.[jt]s?(x)",
      "!{projectRoot}/cypress.config.[jt]s",
      "!{projectRoot}/jest.config.[jt]s",
      "!{projectRoot}/test-setup.[jt]s"
    ],
    "sharedGlobals": ["{workspaceRoot}/.gitlab-ci.yml"]
  },
  "nxCloudId": "68347a8069c651546de0d8cf",
  "plugins": [
    {
      "plugin": "@nx/js/typescript",
      "options": {
        "typecheck": {
          "targetName": "typecheck"
        },
        "build": {
          "targetName": "build",
          "configName": "tsconfig.lib.json",
          "buildDepsName": "build-deps",
          "watchDepsName": "watch-deps"
        }
      }
    },
    {
      "plugin": "@nx/react/router-plugin",
      "options": {
        "buildTargetName": "build",
        "devTargetName": "dev",
        "startTargetName": "start",
        "watchDepsTargetName": "watch-deps",
        "buildDepsTargetName": "build-deps",
        "typecheckTargetName": "typecheck"
      }
    },
    {
      "plugin": "@nx/eslint/plugin",
      "options": {
        "targetName": "lint"
      }
    },
    {
      "plugin": "@nx/vite/plugin",
      "options": {
        "buildTargetName": "build",
        "testTargetName": "test",
        "serveTargetName": "serve",
        "devTargetName": "dev",
        "previewTargetName": "preview",
        "serveStaticTargetName": "serve-static",
        "typecheckTargetName": "typecheck",
        "buildDepsTargetName": "build-deps",
        "watchDepsTargetName": "watch-deps"
      }
    },
    {
      "plugin": "@nx/cypress/plugin",
      "options": {
        "targetName": "e2e",
        "openTargetName": "open-cypress",
        "componentTestingTargetName": "component-test",
        "ciTargetName": "e2e-ci"
      }
    },
    {
      "plugin": "@nx/jest/plugin",
      "options": {
        "targetName": "test"
      }
    }
  ],
  "targetDefaults": {
    "test": {
      "dependsOn": ["^build"]
    }
  },
  "generators": {
    "@nx/react": {
      "application": {
        "babel": true,
        "style": "css",
        "linter": "eslint",
        "bundler": "vite"
      },
      "component": {
        "style": "css"
      },
      "library": {
        "style": "css",
        "linter": "eslint",
        "unitTestRunner": "jest"
      }
    }
  },
  "release": {
    "version": {
      "preVersionCommand": "npx nx run-many -t build"
    }
  }
}
